DATA INICIAL;DATA FINAL;REGIÃO;ESTADO;PRODUTO;PREÇO MÉDIO REVENDA
30/12/2012;05/01/2013;NORDESTE;PERNAMBUCO;GASOLINA COMUM;2,733
06/01/2013;12/01/2013;NORDESTE;PERNAMBUCO;GASOLINA COMUM;2,722
13/01/2013;19/01/2013;NORDESTE;PERNAMBUCO;GASOLINA COMUM;2,714
20/01/2013;26/01/2013;NORDESTE;PERNAMBUCO;GASOLINA COMUM;2,711
27/01/2013;02/02/2013;NORDESTE;PERNAMBUCO;GASOLINA COMUM;2,729
03/02/2013;09/02/2013;NORDESTE;PERNAMBUCO;GASOLINA COMUM;2,869
10/02/2013;16/02/2013;NORDESTE;PERNAMBUCO;GASOLINA COMUM;2,867
17/02/2013;23/02/2013;NORDESTE;PERNAMBUCO;GASOLINA COMUM;2,861
24/02/2013;02/03/2013;NORDESTE;PERNAMBUCO;GASOLINA COMUM;2,852
03/03/2013;09/03/2013;NORDESTE;PERNAMBUCO;GASOLINA COMUM;2,857
10/03/2013;16/03/2013;NORDESTE;PERNAMBUCO;GASOLINA COMUM;2,847
17/03/2013;23/03/2013;NORDESTE;PERNAMBUCO;GASOLINA COMUM;2,842
24/03/2013;30/03/2013;NORDESTE;PERNAMBUCO;GASOLINA COMUM;2,832
31/03/2013;06/04/2013;NORDESTE;PERNAMBUCO;GASOLINA COMUM;2,836
07/04/2013;13/04/2013;NORDESTE;PERNAMBUCO;GASOLINA COMUM;2,828
14/04/2013;20/04/2013;NORDESTE;PERNAMBUCO;GASOLINA COMUM;2,823
21/04/2013;27/04/2013;NORDESTE;PERNAMBUCO;GASOLINA COMUM;2,830
28/04/2013;04/05/2013;NORDESTE;PERNAMBUCO;GASOLINA COMUM;2,829
05/05/2013;11/05/2013;NORDESTE;PERNAMBUCO;GASOLINA COMUM;2,831
12/05/2013;18/05/2013;NORDESTE;PERNAMBUCO;GASOLINA COMUM;2,842
19/05/2013;25/05/2013;NORDESTE;PERNAMBUCO;GASOLINA COMUM;2,855
26/05/2013;01/06/2013;NORDESTE;PERNAMBUCO;GASOLINA COMUM;2,848
02/06/2013;08/06/2013;NORDESTE;PERNAMBUCO;GASOLINA COMUM;2,830
09/06/2013;15/06/2013;NORDESTE;PERNAMBUCO;GASOLINA COMUM;2,809
16/06/2013;22/06/2013;NORDESTE;PERNAMBUCO;GASOLINA COMUM;2,801
23/06/2013;29/06/2013;NORDESTE;PERNAMBUCO;GASOLINA COMUM;2,794
30/06/2013;06/07/2013;NORDESTE;PERNAMBUCO;GASOLINA COMUM;2,789
07/07/2013;13/07/2013;NORDESTE;PERNAMBUCO;GASOLINA COMUM;2,784
14/07/2013;20/07/2013;NORDESTE;PERNAMBUCO;GASOLINA COMUM;2,781
21/07/2013;27/07/2013;NORDESTE;PERNAMBUCO;GASOLINA COMUM;2,792
28/07/2013;03/08/2013;NORDESTE;PERNAMBUCO;GASOLINA COMUM;2,783
04/08/2013;10/08/2013;NORDESTE;PERNAMBUCO;GASOLINA COMUM;2,767
11/08/2013;17/08/2013;NORDESTE;PERNAMBUCO;GASOLINA COMUM;2,794
18/08/2013;24/08/2013;NORDESTE;PERNAMBUCO;GASOLINA COMUM;2,866
25/08/2013;31/08/2013;NORDESTE;PERNAMBUCO;GASOLINA COMUM;2,867
01/09/2013;07/09/2013;NORDESTE;PERNAMBUCO;GASOLINA COMUM;2,868
08/09/2013;14/09/2013;NORDESTE;PERNAMBUCO;GASOLINA COMUM;2,870
15/09/2013;21/09/2013;NORDESTE;PERNAMBUCO;GASOLINA COMUM;2,865
22/09/2013;28/09/2013;NORDESTE;PERNAMBUCO;GASOLINA COMUM;2,864
29/09/2013;05/10/2013;NORDESTE;PERNAMBUCO;GASOLINA COMUM;2,861
06/10/2013;12/10/2013;NORDESTE;PERNAMBUCO;GASOLINA COMUM;2,865
13/10/2013;19/10/2013;NORDESTE;PERNAMBUCO;GASOLINA COMUM;2,854
20/10/2013;26/10/2013;NORDESTE;PERNAMBUCO;GASOLINA COMUM;2,852
27/10/2013;02/11/2013;NORDESTE;PERNAMBUCO;GASOLINA COMUM;2,858
03/11/2013;09/11/2013;NORDESTE;PERNAMBUCO;GASOLINA COMUM;2,859
10/11/2013;16/11/2013;NORDESTE;PERNAMBUCO;GASOLINA COMUM;2,854
17/11/2013;23/11/2013;NORDESTE;PERNAMBUCO;GASOLINA COMUM;2,851
24/11/2013;30/11/2013;NORDESTE;PERNAMBUCO;GASOLINA COMUM;2,849
01/12/2013;07/12/2013;NORDESTE;PERNAMBUCO;GASOLINA COMUM;2,909
08/12/2013;14/12/2013;NORDESTE;PERNAMBUCO;GASOLINA COMUM;2,922
15/12/2013;21/12/2013;NORDESTE;PERNAMBUCO;GASOLINA COMUM;2,940
22/12/2013;28/12/2013;NORDESTE;PERNAMBUCO;GASOLINA COMUM;2,931
29/12/2013;04/01/2014;NORDESTE;PERNAMBUCO;GASOLINA COMUM;2,927
05/01/2014;11/01/2014;NORDESTE;PERNAMBUCO;GASOLINA COMUM;2,926
12/01/2014;18/01/2014;NORDESTE;PERNAMBUCO;GASOLINA COMUM;2,916
19/01/2014;25/01/2014;NORDESTE;PERNAMBUCO;GASOLINA COMUM;2,915
26/01/2014;01/02/2014;NORDESTE;PERNAMBUCO;GASOLINA COMUM;2,924
02/02/2014;08/02/2014;NORDESTE;PERNAMBUCO;GASOLINA COMUM;2,922
09/02/2014;15/02/2014;NORDESTE;PERNAMBUCO;GASOLINA COMUM;2,911
16/02/2014;22/02/2014;NORDESTE;PERNAMBUCO;GASOLINA COMUM;2,915
23/02/2014;01/03/2014;NORDESTE;PERNAMBUCO;GASOLINA COMUM;2,898
02/03/2014;08/03/2014;NORDESTE;PERNAMBUCO;GASOLINA COMUM;2,902
09/03/2014;15/03/2014;NORDESTE;PERNAMBUCO;GASOLINA COMUM;2,906
16/03/2014;22/03/2014;NORDESTE;PERNAMBUCO;GASOLINA COMUM;2,918
23/03/2014;29/03/2014;NORDESTE;PERNAMBUCO;GASOLINA COMUM;2,923
30/03/2014;05/04/2014;NORDESTE;PERNAMBUCO;GASOLINA COMUM;2,955
06/04/2014;12/04/2014;NORDESTE;PERNAMBUCO;GASOLINA COMUM;2,961
13/04/2014;19/04/2014;NORDESTE;PERNAMBUCO;GASOLINA COMUM;2,961
20/04/2014;26/04/2014;NORDESTE;PERNAMBUCO;GASOLINA COMUM;2,959
27/04/2014;03/05/2014;NORDESTE;PERNAMBUCO;GASOLINA COMUM;2,955
04/05/2014;10/05/2014;NORDESTE;PERNAMBUCO;GASOLINA COMUM;2,955
11/05/2014;17/05/2014;NORDESTE;PERNAMBUCO;GASOLINA COMUM;2,963
18/05/2014;24/05/2014;NORDESTE;PERNAMBUCO;GASOLINA COMUM;2,953
25/05/2014;31/05/2014;NORDESTE;PERNAMBUCO;GASOLINA COMUM;2,943
01/06/2014;07/06/2014;NORDESTE;PERNAMBUCO;GASOLINA COMUM;2,949
08/06/2014;14/06/2014;NORDESTE;PERNAMBUCO;GASOLINA COMUM;2,943
15/06/2014;21/06/2014;NORDESTE;PERNAMBUCO;GASOLINA COMUM;2,949
22/06/2014;28/06/2014;NORDESTE;PERNAMBUCO;GASOLINA COMUM;2,955
29/06/2014;05/07/2014;NORDESTE;PERNAMBUCO;GASOLINA COMUM;2,945
06/07/2014;12/07/2014;NORDESTE;PERNAMBUCO;GASOLINA COMUM;2,947
13/07/2014;19/07/2014;NORDESTE;PERNAMBUCO;GASOLINA COMUM;2,948
20/07/2014;26/07/2014;NORDESTE;PERNAMBUCO;GASOLINA COMUM;2,949
27/07/2014;02/08/2014;NORDESTE;PERNAMBUCO;GASOLINA COMUM;2,935
03/08/2014;09/08/2014;NORDESTE;PERNAMBUCO;GASOLINA COMUM;2,928
10/08/2014;16/08/2014;NORDESTE;PERNAMBUCO;GASOLINA COMUM;2,942
17/08/2014;23/08/2014;NORDESTE;PERNAMBUCO;GASOLINA COMUM;2,954
24/08/2014;30/08/2014;NORDESTE;PERNAMBUCO;GASOLINA COMUM;2,967
31/08/2014;06/09/2014;NORDESTE;PERNAMBUCO;GASOLINA COMUM;2,981
07/09/2014;13/09/2014;NORDESTE;PERNAMBUCO;GASOLINA COMUM;2,968
14/09/2014;20/09/2014;NORDESTE;PERNAMBUCO;GASOLINA COMUM;2,953
21/09/2014;27/09/2014;NORDESTE;PERNAMBUCO;GASOLINA COMUM;2,961
28/09/2014;04/10/2014;NORDESTE;PERNAMBUCO;GASOLINA COMUM;2,942
05/10/2014;11/10/2014;NORDESTE;PERNAMBUCO;GASOLINA COMUM;2,927
12/10/2014;18/10/2014;NORDESTE;PERNAMBUCO;GASOLINA COMUM;2,898
19/10/2014;25/10/2014;NORDESTE;PERNAMBUCO;GASOLINA COMUM;2,902
26/10/2014;01/11/2014;NORDESTE;PERNAMBUCO;GASOLINA COMUM;2,914
02/11/2014;08/11/2014;NORDESTE;PERNAMBUCO;GASOLINA COMUM;2,925
09/11/2014;15/11/2014;NORDESTE;PERNAMBUCO;GASOLINA COMUM;2,934
16/11/2014;22/11/2014;NORDESTE;PERNAMBUCO;GASOLINA COMUM;2,930
23/11/2014;29/11/2014;NORDESTE;PERNAMBUCO;GASOLINA COMUM;2,925
30/11/2014;06/12/2014;NORDESTE;PERNAMBUCO;GASOLINA COMUM;2,924
07/12/2014;13/12/2014;NORDESTE;PERNAMBUCO;GASOLINA COMUM;2,913
14/12/2014;20/12/2014;NORDESTE;PERNAMBUCO;GASOLINA COMUM;2,908
21/12/2014;27/12/2014;NORDESTE;PERNAMBUCO;GASOLINA COMUM;2,905
28/12/2014;03/01/2015;NORDESTE;PERNAMBUCO;GASOLINA COMUM;2,895
04/01/2015;10/01/2015;NORDESTE;PERNAMBUCO;GASOLINA COMUM;2,892
11/01/2015;17/01/2015;NORDESTE;PERNAMBUCO;GASOLINA COMUM;2,901
18/01/2015;24/01/2015;NORDESTE;PERNAMBUCO;GASOLINA COMUM;2,905
25/01/2015;31/01/2015;NORDESTE;PERNAMBUCO;GASOLINA COMUM;2,899
01/02/2015;07/02/2015;NORDESTE;PERNAMBUCO;GASOLINA COMUM;3,228
08/02/2015;14/02/2015;NORDESTE;PERNAMBUCO;GASOLINA COMUM;3,258
15/02/2015;21/02/2015;NORDESTE;PERNAMBUCO;GASOLINA COMUM;3,257
22/02/2015;28/02/2015;NORDESTE;PERNAMBUCO;GASOLINA COMUM;3,253
01/03/2015;07/03/2015;NORDESTE;PERNAMBUCO;GASOLINA COMUM;3,255
08/03/2015;14/03/2015;NORDESTE;PERNAMBUCO;GASOLINA COMUM;3,270
15/03/2015;21/03/2015;NORDESTE;PERNAMBUCO;GASOLINA COMUM;3,262
22/03/2015;28/03/2015;NORDESTE;PERNAMBUCO;GASOLINA COMUM;3,241
29/03/2015;04/04/2015;NORDESTE;PERNAMBUCO;GASOLINA COMUM;3,223
05/04/2015;11/04/2015;NORDESTE;PERNAMBUCO;GASOLINA COMUM;3,225
12/04/2015;18/04/2015;NORDESTE;PERNAMBUCO;GASOLINA COMUM;3,216
19/04/2015;25/04/2015;NORDESTE;PERNAMBUCO;GASOLINA COMUM;3,200
26/04/2015;02/05/2015;NORDESTE;PERNAMBUCO;GASOLINA COMUM;3,171
03/05/2015;09/05/2015;NORDESTE;PERNAMBUCO;GASOLINA COMUM;3,151
10/05/2015;16/05/2015;NORDESTE;PERNAMBUCO;GASOLINA COMUM;3,381
17/05/2015;23/05/2015;NORDESTE;PERNAMBUCO;GASOLINA COMUM;3,389
24/05/2015;30/05/2015;NORDESTE;PERNAMBUCO;GASOLINA COMUM;3,397
31/05/2015;06/06/2015;NORDESTE;PERNAMBUCO;GASOLINA COMUM;3,401
07/06/2015;13/06/2015;NORDESTE;PERNAMBUCO;GASOLINA COMUM;3,425
14/06/2015;20/06/2015;NORDESTE;PERNAMBUCO;GASOLINA COMUM;3,439
21/06/2015;27/06/2015;NORDESTE;PERNAMBUCO;GASOLINA COMUM;3,443
28/06/2015;04/07/2015;NORDESTE;PERNAMBUCO;GASOLINA COMUM;3,445
05/07/2015;11/07/2015;NORDESTE;PERNAMBUCO;GASOLINA COMUM;3,446
12/07/2015;18/07/2015;NORDESTE;PERNAMBUCO;GASOLINA COMUM;3,435
19/07/2015;25/07/2015;NORDESTE;PERNAMBUCO;GASOLINA COMUM;3,434
26/07/2015;01/08/2015;NORDESTE;PERNAMBUCO;GASOLINA COMUM;3,437
02/08/2015;08/08/2015;NORDESTE;PERNAMBUCO;GASOLINA COMUM;3,437
09/08/2015;15/08/2015;NORDESTE;PERNAMBUCO;GASOLINA COMUM;3,437
23/08/2015;29/08/2015;NORDESTE;PERNAMBUCO;GASOLINA COMUM;3,454
30/08/2015;05/09/2015;NORDESTE;PERNAMBUCO;GASOLINA COMUM;3,461
06/09/2015;12/09/2015;NORDESTE;PERNAMBUCO;GASOLINA COMUM;3,442
13/09/2015;19/09/2015;NORDESTE;PERNAMBUCO;GASOLINA COMUM;3,440
20/09/2015;26/09/2015;NORDESTE;PERNAMBUCO;GASOLINA COMUM;3,437
27/09/2015;03/10/2015;NORDESTE;PERNAMBUCO;GASOLINA COMUM;3,421
04/10/2015;10/10/2015;NORDESTE;PERNAMBUCO;GASOLINA COMUM;3,558
11/10/2015;17/10/2015;NORDESTE;PERNAMBUCO;GASOLINA COMUM;3,580
18/10/2015;24/10/2015;NORDESTE;PERNAMBUCO;GASOLINA COMUM;3,577
25/10/2015;31/10/2015;NORDESTE;PERNAMBUCO;GASOLINA COMUM;3,588
01/11/2015;07/11/2015;NORDESTE;PERNAMBUCO;GASOLINA COMUM;3,512
08/11/2015;14/11/2015;NORDESTE;PERNAMBUCO;GASOLINA COMUM;3,597
15/11/2015;21/11/2015;NORDESTE;PERNAMBUCO;GASOLINA COMUM;3,568
22/11/2015;28/11/2015;NORDESTE;PERNAMBUCO;GASOLINA COMUM;3,668
29/11/2015;05/12/2015;NORDESTE;PERNAMBUCO;GASOLINA COMUM;3,668
06/12/2015;12/12/2015;NORDESTE;PERNAMBUCO;GASOLINA COMUM;3,711
13/12/2015;19/12/2015;NORDESTE;PERNAMBUCO;GASOLINA COMUM;3,656
20/12/2015;26/12/2015;NORDESTE;PERNAMBUCO;GASOLINA COMUM;3,657
27/12/2015;02/01/2016;NORDESTE;PERNAMBUCO;GASOLINA COMUM;3,639
03/01/2016;09/01/2016;NORDESTE;PERNAMBUCO;GASOLINA COMUM;3,716
10/01/2016;16/01/2016;NORDESTE;PERNAMBUCO;GASOLINA COMUM;3,729
17/01/2016;23/01/2016;NORDESTE;PERNAMBUCO;GASOLINA COMUM;3,702
24/01/2016;30/01/2016;NORDESTE;PERNAMBUCO;GASOLINA COMUM;3,734
31/01/2016;06/02/2016;NORDESTE;PERNAMBUCO;GASOLINA COMUM;3,731
07/02/2016;13/02/2016;NORDESTE;PERNAMBUCO;GASOLINA COMUM;3,716
14/02/2016;20/02/2016;NORDESTE;PERNAMBUCO;GASOLINA COMUM;3,673
21/02/2016;27/02/2016;NORDESTE;PERNAMBUCO;GASOLINA COMUM;3,693
28/02/2016;05/03/2016;NORDESTE;PERNAMBUCO;GASOLINA COMUM;3,776
06/03/2016;12/03/2016;NORDESTE;PERNAMBUCO;GASOLINA COMUM;3,758
13/03/2016;19/03/2016;NORDESTE;PERNAMBUCO;GASOLINA COMUM;3,754
20/03/2016;26/03/2016;NORDESTE;PERNAMBUCO;GASOLINA COMUM;3,698
27/03/2016;02/04/2016;NORDESTE;PERNAMBUCO;GASOLINA COMUM;3,704
03/04/2016;09/04/2016;NORDESTE;PERNAMBUCO;GASOLINA COMUM;3,758
10/04/2016;16/04/2016;NORDESTE;PERNAMBUCO;GASOLINA COMUM;3,755
17/04/2016;23/04/2016;NORDESTE;PERNAMBUCO;GASOLINA COMUM;3,718
24/04/2016;30/04/2016;NORDESTE;PERNAMBUCO;GASOLINA COMUM;3,718
01/05/2016;07/05/2016;NORDESTE;PERNAMBUCO;GASOLINA COMUM;3,785
08/05/2016;14/05/2016;NORDESTE;PERNAMBUCO;GASOLINA COMUM;3,782
15/05/2016;21/05/2016;NORDESTE;PERNAMBUCO;GASOLINA COMUM;3,774
22/05/2016;28/05/2016;NORDESTE;PERNAMBUCO;GASOLINA COMUM;3,774
29/05/2016;04/06/2016;NORDESTE;PERNAMBUCO;GASOLINA COMUM;3,770
05/06/2016;11/06/2016;NORDESTE;PERNAMBUCO;GASOLINA COMUM;3,755
12/06/2016;18/06/2016;NORDESTE;PERNAMBUCO;GASOLINA COMUM;3,763
19/06/2016;25/06/2016;NORDESTE;PERNAMBUCO;GASOLINA COMUM;3,776
26/06/2016;02/07/2016;NORDESTE;PERNAMBUCO;GASOLINA COMUM;3,771
03/07/2016;09/07/2016;NORDESTE;PERNAMBUCO;GASOLINA COMUM;3,751
10/07/2016;16/07/2016;NORDESTE;PERNAMBUCO;GASOLINA COMUM;3,722
17/07/2016;23/07/2016;NORDESTE;PERNAMBUCO;GASOLINA COMUM;3,698
24/07/2016;30/07/2016;NORDESTE;PERNAMBUCO;GASOLINA COMUM;3,658
31/07/2016;06/08/2016;NORDESTE;PERNAMBUCO;GASOLINA COMUM;3,688
07/08/2016;13/08/2016;NORDESTE;PERNAMBUCO;GASOLINA COMUM;3,677
14/08/2016;20/08/2016;NORDESTE;PERNAMBUCO;GASOLINA COMUM;3,661
21/08/2016;27/08/2016;NORDESTE;PERNAMBUCO;GASOLINA COMUM;3,627
28/08/2016;03/09/2016;NORDESTE;PERNAMBUCO;GASOLINA COMUM;3,609
04/09/2016;10/09/2016;NORDESTE;PERNAMBUCO;GASOLINA COMUM;3,617
11/09/2016;17/09/2016;NORDESTE;PERNAMBUCO;GASOLINA COMUM;3,627
18/09/2016;24/09/2016;NORDESTE;PERNAMBUCO;GASOLINA COMUM;3,610
25/09/2016;01/10/2016;NORDESTE;PERNAMBUCO;GASOLINA COMUM;3,587
02/10/2016;08/10/2016;NORDESTE;PERNAMBUCO;GASOLINA COMUM;3,596
09/10/2016;15/10/2016;NORDESTE;PERNAMBUCO;GASOLINA COMUM;3,611
16/10/2016;22/10/2016;NORDESTE;PERNAMBUCO;GASOLINA COMUM;3,614
23/10/2016;29/10/2016;NORDESTE;PERNAMBUCO;GASOLINA COMUM;3,688
30/10/2016;05/11/2016;NORDESTE;PERNAMBUCO;GASOLINA COMUM;3,662
06/11/2016;12/11/2016;NORDESTE;PERNAMBUCO;GASOLINA COMUM;3,702
13/11/2016;19/11/2016;NORDESTE;PERNAMBUCO;GASOLINA COMUM;3,692
20/11/2016;26/11/2016;NORDESTE;PERNAMBUCO;GASOLINA COMUM;3,607
27/11/2016;03/12/2016;NORDESTE;PERNAMBUCO;GASOLINA COMUM;3,618
04/12/2016;10/12/2016;NORDESTE;PERNAMBUCO;GASOLINA COMUM;3,652
11/12/2016;17/12/2016;NORDESTE;PERNAMBUCO;GASOLINA COMUM;3,654
18/12/2016;24/12/2016;NORDESTE;PERNAMBUCO;GASOLINA COMUM;3,640
25/12/2016;31/12/2016;NORDESTE;PERNAMBUCO;GASOLINA COMUM;3,605
01/01/2017;07/01/2017;NORDESTE;PERNAMBUCO;GASOLINA COMUM;3,552
08/01/2017;14/01/2017;NORDESTE;PERNAMBUCO;GASOLINA COMUM;3,487
15/01/2017;21/01/2017;NORDESTE;PERNAMBUCO;GASOLINA COMUM;3,492
22/01/2017;28/01/2017;NORDESTE;PERNAMBUCO;GASOLINA COMUM;3,501
29/01/2017;04/02/2017;NORDESTE;PERNAMBUCO;GASOLINA COMUM;3,495
05/02/2017;11/02/2017;NORDESTE;PERNAMBUCO;GASOLINA COMUM;3,453
12/02/2017;18/02/2017;NORDESTE;PERNAMBUCO;GASOLINA COMUM;3,429
19/02/2017;25/02/2017;NORDESTE;PERNAMBUCO;GASOLINA COMUM;3,437
26/02/2017;04/03/2017;NORDESTE;PERNAMBUCO;GASOLINA COMUM;3,442
05/03/2017;11/03/2017;NORDESTE;PERNAMBUCO;GASOLINA COMUM;3,411
12/03/2017;18/03/2017;NORDESTE;PERNAMBUCO;GASOLINA COMUM;3,412
19/03/2017;25/03/2017;NORDESTE;PERNAMBUCO;GASOLINA COMUM;3,391
26/03/2017;01/04/2017;NORDESTE;PERNAMBUCO;GASOLINA COMUM;3,524
02/04/2017;08/04/2017;NORDESTE;PERNAMBUCO;GASOLINA COMUM;3,611
09/04/2017;15/04/2017;NORDESTE;PERNAMBUCO;GASOLINA COMUM;3,611
16/04/2017;22/04/2017;NORDESTE;PERNAMBUCO;GASOLINA COMUM;3,604
23/04/2017;29/04/2017;NORDESTE;PERNAMBUCO;GASOLINA COMUM;3,610
30/04/2017;06/05/2017;NORDESTE;PERNAMBUCO;GASOLINA COMUM;3,599
07/05/2017;13/05/2017;NORDESTE;PERNAMBUCO;GASOLINA COMUM;3,605
14/05/2017;20/05/2017;NORDESTE;PERNAMBUCO;GASOLINA COMUM;3,610
21/05/2017;27/05/2017;NORDESTE;PERNAMBUCO;GASOLINA COMUM;3,583
28/05/2017;03/06/2017;NORDESTE;PERNAMBUCO;GASOLINA COMUM;3,591
04/06/2017;10/06/2017;NORDESTE;PERNAMBUCO;GASOLINA COMUM;3,547
11/06/2017;17/06/2017;NORDESTE;PERNAMBUCO;GASOLINA COMUM;3,538
18/06/2017;24/06/2017;NORDESTE;PERNAMBUCO;GASOLINA COMUM;3,515
25/06/2017;01/07/2017;NORDESTE;PERNAMBUCO;GASOLINA COMUM;3,488
02/07/2017;08/07/2017;NORDESTE;PERNAMBUCO;GASOLINA COMUM;3,418
09/07/2017;15/07/2017;NORDESTE;PERNAMBUCO;GASOLINA COMUM;3,392
16/07/2017;22/07/2017;NORDESTE;PERNAMBUCO;GASOLINA COMUM;3,343
23/07/2017;29/07/2017;NORDESTE;PERNAMBUCO;GASOLINA COMUM;3,666
30/07/2017;05/08/2017;NORDESTE;PERNAMBUCO;GASOLINA COMUM;3,706
06/08/2017;12/08/2017;NORDESTE;PERNAMBUCO;GASOLINA COMUM;3,900
13/08/2017;19/08/2017;NORDESTE;PERNAMBUCO;GASOLINA COMUM;3,899
20/08/2017;26/08/2017;NORDESTE;PERNAMBUCO;GASOLINA COMUM;3,890
27/08/2017;02/09/2017;NORDESTE;PERNAMBUCO;GASOLINA COMUM;3,888
03/09/2017;09/09/2017;NORDESTE;PERNAMBUCO;GASOLINA COMUM;3,913
10/09/2017;16/09/2017;NORDESTE;PERNAMBUCO;GASOLINA COMUM;3,893
17/09/2017;23/09/2017;NORDESTE;PERNAMBUCO;GASOLINA COMUM;3,926
24/09/2017;30/09/2017;NORDESTE;PERNAMBUCO;GASOLINA COMUM;3,901
01/10/2017;07/10/2017;NORDESTE;PERNAMBUCO;GASOLINA COMUM;3,859
08/10/2017;14/10/2017;NORDESTE;PERNAMBUCO;GASOLINA COMUM;3,788
15/10/2017;21/10/2017;NORDESTE;PERNAMBUCO;GASOLINA COMUM;3,772
22/10/2017;28/10/2017;NORDESTE;PERNAMBUCO;GASOLINA COMUM;3,725
29/10/2017;04/11/2017;NORDESTE;PERNAMBUCO;GASOLINA COMUM;3,922
05/11/2017;11/11/2017;NORDESTE;PERNAMBUCO;GASOLINA COMUM;3,901
12/11/2017;18/11/2017;NORDESTE;PERNAMBUCO;GASOLINA COMUM;3,919
19/11/2017;25/11/2017;NORDESTE;PERNAMBUCO;GASOLINA COMUM;3,966
26/11/2017;02/12/2017;NORDESTE;PERNAMBUCO;GASOLINA COMUM;3,987
03/12/2017;09/12/2017;NORDESTE;PERNAMBUCO;GASOLINA COMUM;3,949
10/12/2017;16/12/2017;NORDESTE;PERNAMBUCO;GASOLINA COMUM;3,987
17/12/2017;23/12/2017;NORDESTE;PERNAMBUCO;GASOLINA COMUM;3,951
24/12/2017;30/12/2017;NORDESTE;PERNAMBUCO;GASOLINA COMUM;3,966
31/12/2017;06/01/2018;NORDESTE;PERNAMBUCO;GASOLINA COMUM;4,007
07/01/2018;13/01/2018;NORDESTE;PERNAMBUCO;GASOLINA COMUM;4,022
14/01/2018;20/01/2018;NORDESTE;PERNAMBUCO;GASOLINA COMUM;4,013
21/01/2018;27/01/2018;NORDESTE;PERNAMBUCO;GASOLINA COMUM;3,993
28/01/2018;03/02/2018;NORDESTE;PERNAMBUCO;GASOLINA COMUM;4,219
04/02/2018;10/02/2018;NORDESTE;PERNAMBUCO;GASOLINA COMUM;4,186
11/02/2018;17/02/2018;NORDESTE;PERNAMBUCO;GASOLINA COMUM;4,138
18/02/2018;24/02/2018;NORDESTE;PERNAMBUCO;GASOLINA COMUM;4,117
25/02/2018;03/03/2018;NORDESTE;PERNAMBUCO;GASOLINA COMUM;4,073
04/03/2018;10/03/2018;NORDESTE;PERNAMBUCO;GASOLINA COMUM;4,053
11/03/2018;17/03/2018;NORDESTE;PERNAMBUCO;GASOLINA COMUM;4,021
18/03/2018;24/03/2018;NORDESTE;PERNAMBUCO;GASOLINA COMUM;3,979
25/03/2018;31/03/2018;NORDESTE;PERNAMBUCO;GASOLINA COMUM;3,946
01/04/2018;07/04/2018;NORDESTE;PERNAMBUCO;GASOLINA COMUM;3,935
08/04/2018;14/04/2018;NORDESTE;PERNAMBUCO;GASOLINA COMUM;3,952
15/04/2018;21/04/2018;NORDESTE;PERNAMBUCO;GASOLINA COMUM;4,123
22/04/2018;28/04/2018;NORDESTE;PERNAMBUCO;GASOLINA COMUM;4,222
29/04/2018;05/05/2018;NORDESTE;PERNAMBUCO;GASOLINA COMUM;4,234
06/05/2018;12/05/2018;NORDESTE;PERNAMBUCO;GASOLINA COMUM;4,255
13/05/2018;19/05/2018;NORDESTE;PERNAMBUCO;GASOLINA COMUM;4,259
20/05/2018;26/05/2018;NORDESTE;PERNAMBUCO;GASOLINA COMUM;4,422
27/05/2018;02/06/2018;NORDESTE;PERNAMBUCO;GASOLINA COMUM;4,599
03/06/2018;09/06/2018;NORDESTE;PERNAMBUCO;GASOLINA COMUM;4,595
10/06/2018;16/06/2018;NORDESTE;PERNAMBUCO;GASOLINA COMUM;4,570
17/06/2018;23/06/2018;NORDESTE;PERNAMBUCO;GASOLINA COMUM;4,509
24/06/2018;30/06/2018;NORDESTE;PERNAMBUCO;GASOLINA COMUM;4,499
01/07/2018;07/07/2018;NORDESTE;PERNAMBUCO;GASOLINA COMUM;4,442
08/07/2018;14/07/2018;NORDESTE;PERNAMBUCO;GASOLINA COMUM;4,429
15/07/2018;21/07/2018;NORDESTE;PERNAMBUCO;GASOLINA COMUM;4,415
22/07/2018;28/07/2018;NORDESTE;PERNAMBUCO;GASOLINA COMUM;4,394
29/07/2018;04/08/2018;NORDESTE;PERNAMBUCO;GASOLINA COMUM;4,359
05/08/2018;11/08/2018;NORDESTE;PERNAMBUCO;GASOLINA COMUM;4,331
12/08/2018;18/08/2018;NORDESTE;PERNAMBUCO;GASOLINA COMUM;4,312
19/08/2018;25/08/2018;NORDESTE;PERNAMBUCO;GASOLINA COMUM;4,268
26/08/2018;01/09/2018;NORDESTE;PERNAMBUCO;GASOLINA COMUM;4,224
02/09/2018;08/09/2018;NORDESTE;PERNAMBUCO;GASOLINA COMUM;4,324
09/09/2018;15/09/2018;NORDESTE;PERNAMBUCO;GASOLINA COMUM;4,441
16/09/2018;22/09/2018;NORDESTE;PERNAMBUCO;GASOLINA COMUM;4,464
23/09/2018;29/09/2018;NORDESTE;PERNAMBUCO;GASOLINA COMUM;4,597
30/09/2018;06/10/2018;NORDESTE;PERNAMBUCO;GASOLINA COMUM;4,604
07/10/2018;13/10/2018;NORDESTE;PERNAMBUCO;GASOLINA COMUM;4,635
14/10/2018;20/10/2018;NORDESTE;PERNAMBUCO;GASOLINA COMUM;4,600
21/10/2018;27/10/2018;NORDESTE;PERNAMBUCO;GASOLINA COMUM;4,587
28/10/2018;03/11/2018;NORDESTE;PERNAMBUCO;GASOLINA COMUM;4,600
04/11/2018;10/11/2018;NORDESTE;PERNAMBUCO;GASOLINA COMUM;4,570
11/11/2018;17/11/2018;NORDESTE;PERNAMBUCO;GASOLINA COMUM;4,515
18/11/2018;24/11/2018;NORDESTE;PERNAMBUCO;GASOLINA COMUM;4,445
25/11/2018;01/12/2018;NORDESTE;PERNAMBUCO;GASOLINA COMUM;4,415
02/12/2018;08/12/2018;NORDESTE;PERNAMBUCO;GASOLINA COMUM;4,287
09/12/2018;15/12/2018;NORDESTE;PERNAMBUCO;GASOLINA COMUM;4,273
16/12/2018;22/12/2018;NORDESTE;PERNAMBUCO;GASOLINA COMUM;4,182
23/12/2018;29/12/2018;NORDESTE;PERNAMBUCO;GASOLINA COMUM;4,209
30/12/2018;05/01/2019;NORDESTE;PERNAMBUCO;GASOLINA COMUM;4,206
06/01/2019;12/01/2019;NORDESTE;PERNAMBUCO;GASOLINA COMUM;4,222
13/01/2019;19/01/2019;NORDESTE;PERNAMBUCO;GASOLINA COMUM;4,174
20/01/2019;26/01/2019;NORDESTE;PERNAMBUCO;GASOLINA COMUM;4,151
27/01/2019;02/02/2019;NORDESTE;PERNAMBUCO;GASOLINA COMUM;4,134
03/02/2019;09/02/2019;NORDESTE;PERNAMBUCO;GASOLINA COMUM;4,143
10/02/2019;16/02/2019;NORDESTE;PERNAMBUCO;GASOLINA COMUM;4,137
17/02/2019;23/02/2019;NORDESTE;PERNAMBUCO;GASOLINA COMUM;4,124
24/02/2019;02/03/2019;NORDESTE;PERNAMBUCO;GASOLINA COMUM;4,127
03/03/2019;09/03/2019;NORDESTE;PERNAMBUCO;GASOLINA COMUM;4,148
10/03/2019;16/03/2019;NORDESTE;PERNAMBUCO;GASOLINA COMUM;4,186
17/03/2019;23/03/2019;NORDESTE;PERNAMBUCO;GASOLINA COMUM;4,237
24/03/2019;30/03/2019;NORDESTE;PERNAMBUCO;GASOLINA COMUM;4,281
31/03/2019;06/04/2019;NORDESTE;PERNAMBUCO;GASOLINA COMUM;4,273
07/04/2019;13/04/2019;NORDESTE;PERNAMBUCO;GASOLINA COMUM;4,336
14/04/2019;20/04/2019;NORDESTE;PERNAMBUCO;GASOLINA COMUM;4,344
21/04/2019;27/04/2019;NORDESTE;PERNAMBUCO;GASOLINA COMUM;4,418
28/04/2019;04/05/2019;NORDESTE;PERNAMBUCO;GASOLINA COMUM;4,440
05/05/2019;11/05/2019;NORDESTE;PERNAMBUCO;GASOLINA COMUM;4,528
12/05/2019;18/05/2019;NORDESTE;PERNAMBUCO;GASOLINA COMUM;4,533
19/05/2019;25/05/2019;NORDESTE;PERNAMBUCO;GASOLINA COMUM;4,536
26/05/2019;01/06/2019;NORDESTE;PERNAMBUCO;GASOLINA COMUM;4,523
02/06/2019;08/06/2019;NORDESTE;PERNAMBUCO;GASOLINA COMUM;4,490
09/06/2019;15/06/2019;NORDESTE;PERNAMBUCO;GASOLINA COMUM;4,492
16/06/2019;22/06/2019;NORDESTE;PERNAMBUCO;GASOLINA COMUM;4,473
23/06/2019;29/06/2019;NORDESTE;PERNAMBUCO;GASOLINA COMUM;4,445
30/06/2019;06/07/2019;NORDESTE;PERNAMBUCO;GASOLINA COMUM;4,427
07/07/2019;13/07/2019;NORDESTE;PERNAMBUCO;GASOLINA COMUM;4,414
14/07/2019;20/07/2019;NORDESTE;PERNAMBUCO;GASOLINA COMUM;4,360
21/07/2019;27/07/2019;NORDESTE;PERNAMBUCO;GASOLINA COMUM;4,348
28/07/2019;03/08/2019;NORDESTE;PERNAMBUCO;GASOLINA COMUM;4,304
04/08/2019;10/08/2019;NORDESTE;PERNAMBUCO;GASOLINA COMUM;4,287
11/08/2019;17/08/2019;NORDESTE;PERNAMBUCO;GASOLINA COMUM;4,297
18/08/2019;24/08/2019;NORDESTE;PERNAMBUCO;GASOLINA COMUM;4,282
25/08/2019;31/08/2019;NORDESTE;PERNAMBUCO;GASOLINA COMUM;4,241
01/09/2019;07/09/2019;NORDESTE;PERNAMBUCO;GASOLINA COMUM;4,212
08/09/2019;14/09/2019;NORDESTE;PERNAMBUCO;GASOLINA COMUM;4,209
15/09/2019;21/09/2019;NORDESTE;PERNAMBUCO;GASOLINA COMUM;4,233
22/09/2019;28/09/2019;NORDESTE;PERNAMBUCO;GASOLINA COMUM;4,312
29/09/2019;05/10/2019;NORDESTE;PERNAMBUCO;GASOLINA COMUM;4,310
06/10/2019;12/10/2019;NORDESTE;PERNAMBUCO;GASOLINA COMUM;4,344
13/10/2019;19/10/2019;NORDESTE;PERNAMBUCO;GASOLINA COMUM;4,357
20/10/2019;26/10/2019;NORDESTE;PERNAMBUCO;GASOLINA COMUM;4,330
27/10/2019;02/11/2019;NORDESTE;PERNAMBUCO;GASOLINA COMUM;4,336
03/11/2019;09/11/2019;NORDESTE;PERNAMBUCO;GASOLINA COMUM;4,330
10/11/2019;16/11/2019;NORDESTE;PERNAMBUCO;GASOLINA COMUM;4,338
17/11/2019;23/11/2019;NORDESTE;PERNAMBUCO;GASOLINA COMUM;4,278
24/11/2019;30/11/2019;NORDESTE;PERNAMBUCO;GASOLINA COMUM;4,303
01/12/2019;07/12/2019;NORDESTE;PERNAMBUCO;GASOLINA COMUM;4,386
08/12/2019;14/12/2019;NORDESTE;PERNAMBUCO;GASOLINA COMUM;4,407
15/12/2019;21/12/2019;NORDESTE;PERNAMBUCO;GASOLINA COMUM;4,474
22/12/2019;28/12/2019;NORDESTE;PERNAMBUCO;GASOLINA COMUM;4,485
29/12/2019;04/01/2020;NORDESTE;PERNAMBUCO;GASOLINA COMUM;4,481
05/01/2020;11/01/2020;NORDESTE;PERNAMBUCO;GASOLINA COMUM;4,469
12/01/2020;18/01/2020;NORDESTE;PERNAMBUCO;GASOLINA COMUM;4,448
19/01/2020;25/01/2020;NORDESTE;PERNAMBUCO;GASOLINA COMUM;4,473
26/01/2020;01/02/2020;NORDESTE;PERNAMBUCO;GASOLINA COMUM;4,476
02/02/2020;08/02/2020;NORDESTE;PERNAMBUCO;GASOLINA COMUM;4,490
09/02/2020;15/02/2020;NORDESTE;PERNAMBUCO;GASOLINA COMUM;4,449
16/02/2020;22/02/2020;NORDESTE;PERNAMBUCO;GASOLINA COMUM;4,405
23/02/2020;29/02/2020;NORDESTE;PERNAMBUCO;GASOLINA COMUM;4,453
01/03/2020;07/03/2020;NORDESTE;PERNAMBUCO;GASOLINA COMUM;4,424
08/03/2020;14/03/2020;NORDESTE;PERNAMBUCO;GASOLINA COMUM;4,350
15/03/2020;21/03/2020;NORDESTE;PERNAMBUCO;GASOLINA COMUM;4,355
22/03/2020;28/03/2020;NORDESTE;PERNAMBUCO;GASOLINA COMUM;4,308
29/03/2020;04/04/2020;NORDESTE;PERNAMBUCO;GASOLINA COMUM;4,196
05/04/2020;11/04/2020;NORDESTE;PERNAMBUCO;GASOLINA COMUM;4,023
12/04/2020;18/04/2020;NORDESTE;PERNAMBUCO;GASOLINA COMUM;3,973
19/04/2020;25/04/2020;NORDESTE;PERNAMBUCO;GASOLINA COMUM;3,852
26/04/2020;02/05/2020;NORDESTE;PERNAMBUCO;GASOLINA COMUM;3,809
03/05/2020;09/05/2020;NORDESTE;PERNAMBUCO;GASOLINA COMUM;3,703
10/05/2020;16/05/2020;NORDESTE;PERNAMBUCO;GASOLINA COMUM;3,715
17/05/2020;23/05/2020;NORDESTE;PERNAMBUCO;GASOLINA COMUM;3,784
24/05/2020;30/05/2020;NORDESTE;PERNAMBUCO;GASOLINA COMUM;3,793
31/05/2020;06/06/2020;NORDESTE;PERNAMBUCO;GASOLINA COMUM;3,917
07/06/2020;13/06/2020;NORDESTE;PERNAMBUCO;GASOLINA COMUM;3,924
14/06/2020;20/06/2020;NORDESTE;PERNAMBUCO;GASOLINA COMUM;4,037
21/06/2020;27/06/2020;NORDESTE;PERNAMBUCO;GASOLINA COMUM;4,029
28/06/2020;04/07/2020;NORDESTE;PERNAMBUCO;GASOLINA COMUM;4,100
05/07/2020;11/07/2020;NORDESTE;PERNAMBUCO;GASOLINA COMUM;4,118
12/07/2020;18/07/2020;NORDESTE;PERNAMBUCO;GASOLINA COMUM;4,195
19/07/2020;25/07/2020;NORDESTE;PERNAMBUCO;GASOLINA COMUM;4,237
26/07/2020;01/08/2020;NORDESTE;PERNAMBUCO;GASOLINA COMUM;4,318
02/08/2020;08/08/2020;NORDESTE;PERNAMBUCO;GASOLINA COMUM;4,325
09/08/2020;15/08/2020;NORDESTE;PERNAMBUCO;GASOLINA COMUM;4,341
16/08/2020;22/08/2020;NORDESTE;PERNAMBUCO;GASOLINA COMUM;4,335
18/10/2020;24/10/2020;NORDESTE;PERNAMBUCO;GASOLINA COMUM;4,407
25/10/2020;31/10/2020;NORDESTE;PERNAMBUCO;GASOLINA COMUM;4,350
01/11/2020;07/11/2020;NORDESTE;PERNAMBUCO;GASOLINA COMUM;4,395
08/11/2020;14/11/2020;NORDESTE;PERNAMBUCO;GASOLINA COMUM;4,452
15/11/2020;21/11/2020;NORDESTE;PERNAMBUCO;GASOLINA COMUM;4,410
22/11/2020;28/11/2020;NORDESTE;PERNAMBUCO;GASOLINA COMUM;4,375
29/11/2020;05/12/2020;NORDESTE;PERNAMBUCO;GASOLINA COMUM;4,576
06/12/2020;12/12/2020;NORDESTE;PERNAMBUCO;GASOLINA COMUM;4,637
13/12/2020;19/12/2020;NORDESTE;PERNAMBUCO;GASOLINA COMUM;4,628
20/12/2020;26/12/2020;NORDESTE;PERNAMBUCO;GASOLINA COMUM;4,635
27/12/2020;02/01/2021;NORDESTE;PERNAMBUCO;GASOLINA COMUM;4,629
03/01/2021;09/01/2021;NORDESTE;PERNAMBUCO;GASOLINA COMUM;4,587
10/01/2021;16/01/2021;NORDESTE;PERNAMBUCO;GASOLINA COMUM;4,633
17/01/2021;23/01/2021;NORDESTE;PERNAMBUCO;GASOLINA COMUM;4,613
24/01/2021;30/01/2021;NORDESTE;PERNAMBUCO;GASOLINA COMUM;4,754
31/01/2021;06/02/2021;NORDESTE;PERNAMBUCO;GASOLINA COMUM;4,922
07/02/2021;13/02/2021;NORDESTE;PERNAMBUCO;GASOLINA COMUM;4,911
14/02/2021;20/02/2021;NORDESTE;PERNAMBUCO;GASOLINA COMUM;4,904
21/02/2021;27/02/2021;NORDESTE;PERNAMBUCO;GASOLINA COMUM;5,105
28/02/2021;06/03/2021;NORDESTE;PERNAMBUCO;GASOLINA COMUM;5,195
07/03/2021;13/03/2021;NORDESTE;PERNAMBUCO;GASOLINA COMUM;5,414
14/03/2021;20/03/2021;NORDESTE;PERNAMBUCO;GASOLINA COMUM;5,409
21/03/2021;27/03/2021;NORDESTE;PERNAMBUCO;GASOLINA COMUM;5,394
28/03/2021;03/04/2021;NORDESTE;PERNAMBUCO;GASOLINA COMUM;5,247
04/04/2021;10/04/2021;NORDESTE;PERNAMBUCO;GASOLINA COMUM;5,303
11/04/2021;17/04/2021;NORDESTE;PERNAMBUCO;GASOLINA COMUM;5,318
18/04/2021;24/04/2021;NORDESTE;PERNAMBUCO;GASOLINA COMUM;5,380
25/04/2021;01/05/2021;NORDESTE;PERNAMBUCO;GASOLINA COMUM;5,265
02/05/2021;08/05/2021;NORDESTE;PERNAMBUCO;GASOLINA COMUM;5,313
09/05/2021;15/05/2021;NORDESTE;PERNAMBUCO;GASOLINA COMUM;5,372
16/05/2021;22/05/2021;NORDESTE;PERNAMBUCO;GASOLINA COMUM;5,515
23/05/2021;29/05/2021;NORDESTE;PERNAMBUCO;GASOLINA COMUM;5,522
30/05/2021;05/06/2021;NORDESTE;PERNAMBUCO;GASOLINA COMUM;5,568
06/06/2021;12/06/2021;NORDESTE;PERNAMBUCO;GASOLINA COMUM;5,628
13/06/2021;19/06/2021;NORDESTE;PERNAMBUCO;GASOLINA COMUM;5,607
20/06/2021;26/06/2021;NORDESTE;PERNAMBUCO;GASOLINA COMUM;5,842
27/06/2021;03/07/2021;NORDESTE;PERNAMBUCO;GASOLINA COMUM;5,788
04/07/2021;10/07/2021;NORDESTE;PERNAMBUCO;GASOLINA COMUM;5,837
11/07/2021;17/07/2021;NORDESTE;PERNAMBUCO;GASOLINA COMUM;5,921
18/07/2021;24/07/2021;NORDESTE;PERNAMBUCO;GASOLINA COMUM;5,883
25/07/2021;31/07/2021;NORDESTE;PERNAMBUCO;GASOLINA COMUM;5,894
01/08/2021;07/08/2021;NORDESTE;PERNAMBUCO;GASOLINA COMUM;5,880
08/08/2021;14/08/2021;NORDESTE;PERNAMBUCO;GASOLINA COMUM;5,855
15/08/2021;21/08/2021;NORDESTE;PERNAMBUCO;GASOLINA COMUM;5,907
22/08/2021;28/08/2021;NORDESTE;PERNAMBUCO;GASOLINA COMUM;5,923
29/08/2021;04/09/2021;NORDESTE;PERNAMBUCO;GASOLINA COMUM;5,959
05/09/2021;11/09/2021;NORDESTE;PERNAMBUCO;GASOLINA COMUM;6,018
12/09/2021;18/09/2021;NORDESTE;PERNAMBUCO;GASOLINA COMUM;6,021
19/09/2021;25/09/2021;NORDESTE;PERNAMBUCO;GASOLINA COMUM;6,010
26/09/2021;02/10/2021;NORDESTE;PERNAMBUCO;GASOLINA COMUM;6,005
03/10/2021;09/10/2021;NORDESTE;PERNAMBUCO;GASOLINA COMUM;5,996
10/10/2021;16/10/2021;NORDESTE;PERNAMBUCO;GASOLINA COMUM;6,187
17/10/2021;23/10/2021;NORDESTE;PERNAMBUCO;GASOLINA COMUM;6,317
24/10/2021;30/10/2021;NORDESTE;PERNAMBUCO;GASOLINA COMUM;6,570
31/10/2021;06/11/2021;NORDESTE;PERNAMBUCO;GASOLINA COMUM;6,673
07/11/2021;13/11/2021;NORDESTE;PERNAMBUCO;GASOLINA COMUM;6,683
14/11/2021;20/11/2021;NORDESTE;PERNAMBUCO;GASOLINA COMUM;6,666
21/11/2021;27/11/2021;NORDESTE;PERNAMBUCO;GASOLINA COMUM;6,664
28/11/2021;04/12/2021;NORDESTE;PERNAMBUCO;GASOLINA COMUM;6,670
05/12/2021;11/12/2021;NORDESTE;PERNAMBUCO;GASOLINA COMUM;6,653
12/12/2021;18/12/2021;NORDESTE;PERNAMBUCO;GASOLINA COMUM;6,658
19/12/2021;25/12/2021;NORDESTE;PERNAMBUCO;GASOLINA COMUM;6,620
26/12/2021;01/01/2022;NORDESTE;PERNAMBUCO;GASOLINA COMUM;6,594
02/01/2022;08/01/2022;NORDESTE;PERNAMBUCO;GASOLINA COMUM;6,571
09/01/2022;15/01/2022;NORDESTE;PERNAMBUCO;GASOLINA COMUM;6,590
16/01/2022;22/01/2022;NORDESTE;PERNAMBUCO;GASOLINA COMUM;6,566
23/01/2022;29/01/2022;NORDESTE;PERNAMBUCO;GASOLINA COMUM;6,540
30/01/2022;05/02/2022;NORDESTE;PERNAMBUCO;GASOLINA COMUM;6,488
06/02/2022;12/02/2022;NORDESTE;PERNAMBUCO;GASOLINA COMUM;6,509
13/02/2022;19/02/2022;NORDESTE;PERNAMBUCO;GASOLINA COMUM;6,480
20/02/2022;26/02/2022;NORDESTE;PERNAMBUCO;GASOLINA COMUM;6,446
27/02/2022;05/03/2022;NORDESTE;PERNAMBUCO;GASOLINA COMUM;6,389
06/03/2022;12/03/2022;NORDESTE;PERNAMBUCO;GASOLINA COMUM;6,651
13/03/2022;19/03/2022;NORDESTE;PERNAMBUCO;GASOLINA COMUM;7,298
20/03/2022;26/03/2022;NORDESTE;PERNAMBUCO;GASOLINA COMUM;7,252
27/03/2022;02/04/2022;NORDESTE;PERNAMBUCO;GASOLINA COMUM;7,200
03/04/2022;09/04/2022;NORDESTE;PERNAMBUCO;GASOLINA COMUM;7,238
10/04/2022;16/04/2022;NORDESTE;PERNAMBUCO;GASOLINA COMUM;7,248
17/04/2022;23/04/2022;NORDESTE;PERNAMBUCO;GASOLINA COMUM;7,236
24/04/2022;30/04/2022;NORDESTE;PERNAMBUCO;GASOLINA COMUM;7,209
01/05/2022;07/05/2022;NORDESTE;PERNAMBUCO;GASOLINA COMUM;7,175
08/05/2022;14/05/2022;NORDESTE;PERNAMBUCO;GASOLINA COMUM;7,16
15/05/2022;21/05/2022;NORDESTE;PERNAMBUCO;GASOLINA COMUM;7,17
22/05/2022;28/05/2022;NORDESTE;PERNAMBUCO;GASOLINA COMUM;7,15
29/05/2022;04/06/2022;NORDESTE;PERNAMBUCO;GASOLINA COMUM;7,16
05/06/2022;11/06/2022;NORDESTE;PERNAMBUCO;GASOLINA COMUM;7,39
12/06/2022;18/06/2022;NORDESTE;PERNAMBUCO;GASOLINA COMUM;7,45
19/06/2022;25/06/2022;NORDESTE;PERNAMBUCO;GASOLINA COMUM;7,53
26/06/2022;02/07/2022;NORDESTE;PERNAMBUCO;GASOLINA COMUM;7,30
03/07/2022;09/07/2022;NORDESTE;PERNAMBUCO;GASOLINA COMUM;6,88
10/07/2022;16/07/2022;NORDESTE;PERNAMBUCO;GASOLINA COMUM;6,64
17/07/2022;23/07/2022;NORDESTE;PERNAMBUCO;GASOLINA COMUM;6,20
24/07/2022;30/07/2022;NORDESTE;PERNAMBUCO;GASOLINA COMUM;5,89
31/07/2022;06/08/2022;NORDESTE;PERNAMBUCO;GASOLINA COMUM;5,75
07/08/2022;13/08/2022;NORDESTE;PERNAMBUCO;GASOLINA COMUM;5,60
14/08/2022;20/08/2022;NORDESTE;PERNAMBUCO;GASOLINA COMUM;5,45
21/08/2022;27/08/2022;NORDESTE;PERNAMBUCO;GASOLINA COMUM;5,32
28/08/2022;03/09/2022;NORDESTE;PERNAMBUCO;GASOLINA COMUM;5,15
04/09/2022;10/09/2022;NORDESTE;PERNAMBUCO;GASOLINA COMUM;5,11
11/09/2022;17/09/2022;NORDESTE;PERNAMBUCO;GASOLINA COMUM;5,01
25/09/2022;01/10/2022;NORDESTE;PERNAMBUCO;GASOLINA COMUM;4,72
02/10/2022;08/10/2022;NORDESTE;PERNAMBUCO;GASOLINA COMUM;4,68
09/10/2022;15/10/2022;NORDESTE;PERNAMBUCO;GASOLINA COMUM;4,81
16/10/2022;22/10/2022;NORDESTE;PERNAMBUCO;GASOLINA COMUM;4,90
23/10/2022;29/10/2022;NORDESTE;PERNAMBUCO;GASOLINA COMUM;4,92
30/10/2022;05/11/2022;NORDESTE;PERNAMBUCO;GASOLINA COMUM;4,96
06/11/2022;12/11/2022;NORDESTE;PERNAMBUCO;GASOLINA COMUM;4,95
13/11/2022;19/11/2022;NORDESTE;PERNAMBUCO;GASOLINA COMUM;4,97
20/11/2022;26/11/2022;NORDESTE;PERNAMBUCO;GASOLINA COMUM;4,98
27/11/2022;03/12/2022;NORDESTE;PERNAMBUCO;GASOLINA COMUM;5,07
04/12/2022;10/12/2022;NORDESTE;PERNAMBUCO;GASOLINA COMUM;5,06
11/12/2022;17/12/2022;NORDESTE;PERNAMBUCO;GASOLINA COMUM;4,99
18/12/2022;24/12/2022;NORDESTE;PERNAMBUCO;GASOLINA COMUM;4,91
25/12/2022;31/12/2022;NORDESTE;PERNAMBUCO;GASOLINA COMUM;4,89
01/01/2023;07/01/2023;NORDESTE;PERNAMBUCO;GASOLINA COMUM;4,99
08/01/2023;14/01/2023;NORDESTE;PERNAMBUCO;GASOLINA COMUM;4,92
15/01/2023;21/01/2023;NORDESTE;PERNAMBUCO;GASOLINA COMUM;4,86
22/01/2023;28/01/2023;NORDESTE;PERNAMBUCO;GASOLINA COMUM;4,77
29/01/2023;04/02/2023;NORDESTE;PERNAMBUCO;GASOLINA COMUM;5,08
05/02/2023;11/02/2023;NORDESTE;PERNAMBUCO;GASOLINA COMUM;5,04
12/02/2023;18/02/2023;NORDESTE;PERNAMBUCO;GASOLINA COMUM;5,02
19/02/2023;25/02/2023;NORDESTE;PERNAMBUCO;GASOLINA COMUM;4,91
26/02/2023;04/03/2023;NORDESTE;PERNAMBUCO;GASOLINA COMUM;5,16
05/03/2023;11/03/2023;NORDESTE;PERNAMBUCO;GASOLINA COMUM;5,55
12/03/2023;18/03/2023;NORDESTE;PERNAMBUCO;GASOLINA COMUM;5,50
19/03/2023;25/03/2023;NORDESTE;PERNAMBUCO;GASOLINA COMUM;5,41
26/03/2023;01/04/2023;NORDESTE;PERNAMBUCO;GASOLINA COMUM;5,40
02/04/2023;08/04/2023;NORDESTE;PERNAMBUCO;GASOLINA COMUM;5,43
09/04/2023;15/04/2023;NORDESTE;PERNAMBUCO;GASOLINA COMUM;5,40
16/04/2023;22/04/2023;NORDESTE;PERNAMBUCO;GASOLINA COMUM;5,33
23/04/2023;29/04/2023;NORDESTE;PERNAMBUCO;GASOLINA COMUM;5,31
30/04/2023;06/05/2023;NORDESTE;PERNAMBUCO;GASOLINA COMUM;5,28
07/05/2023;13/05/2023;NORDESTE;PERNAMBUCO;GASOLINA COMUM;5,24
14/05/2023;20/05/2023;NORDESTE;PERNAMBUCO;GASOLINA COMUM;5,19
21/05/2023;27/05/2023;NORDESTE;PERNAMBUCO;GASOLINA COMUM;5,14
28/05/2023;03/06/2023;NORDESTE;PERNAMBUCO;GASOLINA COMUM;5,03
04/06/2023;10/06/2023;NORDESTE;PERNAMBUCO;GASOLINA COMUM;5,51
11/06/2023;17/06/2023;NORDESTE;PERNAMBUCO;GASOLINA COMUM;5,46
18/06/2023;24/06/2023;NORDESTE;PERNAMBUCO;GASOLINA COMUM;5,42
25/06/2023;01/07/2023;NORDESTE;PERNAMBUCO;GASOLINA COMUM;5,42
02/07/2023;08/07/2023;NORDESTE;PERNAMBUCO;GASOLINA COMUM;5,68
09/07/2023;15/07/2023;NORDESTE;PERNAMBUCO;GASOLINA COMUM;5,62
16/07/2023;22/07/2023;NORDESTE;PERNAMBUCO;GASOLINA COMUM;5,64
23/07/2023;29/07/2023;NORDESTE;PERNAMBUCO;GASOLINA COMUM;5,56
30/07/2023;05/08/2023;NORDESTE;PERNAMBUCO;GASOLINA COMUM;5,56
06/08/2023;12/08/2023;NORDESTE;PERNAMBUCO;GASOLINA COMUM;5,59
13/08/2023;19/08/2023;NORDESTE;PERNAMBUCO;GASOLINA COMUM;5,83
20/08/2023;26/08/2023;NORDESTE;PERNAMBUCO;GASOLINA COMUM;6,03
27/08/2023;02/09/2023;NORDESTE;PERNAMBUCO;GASOLINA COMUM;6,01
03/09/2023;09/09/2023;NORDESTE;PERNAMBUCO;GASOLINA COMUM;5,97
10/09/2023;16/09/2023;NORDESTE;PERNAMBUCO;GASOLINA COMUM;5,95
17/09/2023;23/09/2023;NORDESTE;PERNAMBUCO;GASOLINA COMUM;5,89
24/09/2023;30/09/2023;NORDESTE;PERNAMBUCO;GASOLINA COMUM;5,82
01/10/2023;07/10/2023;NORDESTE;PERNAMBUCO;GASOLINA COMUM;5,78
08/10/2023;14/10/2023;NORDESTE;PERNAMBUCO;GASOLINA COMUM;5,76
15/10/2023;21/10/2023;NORDESTE;PERNAMBUCO;GASOLINA COMUM;5,69
22/10/2023;28/10/2023;NORDESTE;PERNAMBUCO;GASOLINA COMUM;5,65
29/10/2023;04/11/2023;NORDESTE;PERNAMBUCO;GASOLINA COMUM;5,57
05/11/2023;11/11/2023;NORDESTE;PERNAMBUCO;GASOLINA COMUM;5,53
12/11/2023;18/11/2023;NORDESTE;PERNAMBUCO;GASOLINA COMUM;5,50
19/11/2023;25/11/2023;NORDESTE;PERNAMBUCO;GASOLINA COMUM;5,45
26/11/2023;02/12/2023;NORDESTE;PERNAMBUCO;GASOLINA COMUM;5,41
03/12/2023;09/12/2023;NORDESTE;PERNAMBUCO;GASOLINA COMUM;5,37
10/12/2023;16/12/2023;NORDESTE;PERNAMBUCO;GASOLINA COMUM;5,33
17/12/2023;23/12/2023;NORDESTE;PERNAMBUCO;GASOLINA COMUM;5,29
24/12/2023;30/12/2023;NORDESTE;PERNAMBUCO;GASOLINA COMUM;5,26
31/12/2023;06/01/2024;NORDESTE;PERNAMBUCO;GASOLINA COMUM;5,33
07/01/2024;13/01/2024;NORDESTE;PERNAMBUCO;GASOLINA COMUM;5,58
14/01/2024;20/01/2024;NORDESTE;PERNAMBUCO;GASOLINA COMUM;5,53
21/01/2024;27/01/2024;NORDESTE;PERNAMBUCO;GASOLINA COMUM;5,48
28/01/2024;03/02/2024;NORDESTE;PERNAMBUCO;GASOLINA COMUM;5,44
04/02/2024;10/02/2024;NORDESTE;PERNAMBUCO;GASOLINA COMUM;5,65
11/02/2024;17/02/2024;NORDESTE;PERNAMBUCO;GASOLINA COMUM;5,70
18/02/2024;24/02/2024;NORDESTE;PERNAMBUCO;GASOLINA COMUM;5,70
25/02/2024;02/03/2024;NORDESTE;PERNAMBUCO;GASOLINA COMUM;5,67
03/03/2024;09/03/2024;NORDESTE;PERNAMBUCO;GASOLINA COMUM;5,66
10/03/2024;16/03/2024;NORDESTE;PERNAMBUCO;GASOLINA COMUM;5,68
17/03/2024;23/03/2024;NORDESTE;PERNAMBUCO;GASOLINA COMUM;5,89
24/03/2024;30/03/2024;NORDESTE;PERNAMBUCO;GASOLINA COMUM;5,88
31/03/2024;06/04/2024;NORDESTE;PERNAMBUCO;GASOLINA COMUM;5,87
07/04/2024;13/04/2024;NORDESTE;PERNAMBUCO;GASOLINA COMUM;5,88
14/04/2024;20/04/2024;NORDESTE;PERNAMBUCO;GASOLINA COMUM;5,89
21/04/2024;27/04/2024;NORDESTE;PERNAMBUCO;GASOLINA COMUM;5,95
